# The stages of the integration, in order, one row per stage — which is one row
# per commit. Tab-separated: slug <TAB> name <TAB> what it gives you.
#
# The last row is the stage this commit builds, and scripts/run.sh names its run
# after it. A stage adds its own row, so row N is commit N counting back from the
# last stage, which is how a sweep of the whole history finds each one.
#
# Slugs, not numbers: a stage inserted mid-history would renumber every stage
# after it.
Baseline	Baseline	a device that already networks, stores, and holds an mTLS session — before any syslog
linked	Linked	the core library and lwIP raw-mode networking, linked but not yet called
error-handler	Error handler	a fault inside the logger reaches the console instead of being silent
logger	Logger created	the logger object, reporting exactly what is still missing from it
udp	First record	a valid RFC 5424 record on the wire, over UDP
header-fields	Header fields	a timestamped record naming the device, instead of nil values
sequence-id	Sequence numbers	every record numbered, so a gap in the sequence is visible
buffered	Buffered	logging that returns immediately, with the send moved off the logging task
