index,slug,commit,key,current,baseline,above_baseline
0,Baseline,fb60f4ef3f8cf9321e9e91cd3a0f86f05ca59117,flash_text,352620,352620,0
0,Baseline,fb60f4ef3f8cf9321e9e91cd3a0f86f05ca59117,flash_data,320,320,0
0,Baseline,fb60f4ef3f8cf9321e9e91cd3a0f86f05ca59117,static_bss,111136,111136,0
0,Baseline,fb60f4ef3f8cf9321e9e91cd3a0f86f05ca59117,heap_used,4440,4440,0
0,Baseline,fb60f4ef3f8cf9321e9e91cd3a0f86f05ca59117,mbedtls_peak,21320,21360,-40
0,Baseline,fb60f4ef3f8cf9321e9e91cd3a0f86f05ca59117,mbedtls_free,11448,11408,40
0,Baseline,fb60f4ef3f8cf9321e9e91cd3a0f86f05ca59117,lwip_mem_free,7576,7576,0
0,Baseline,fb60f4ef3f8cf9321e9e91cd3a0f86f05ca59117,lwip_pbufs_free,13,13,0
0,Baseline,fb60f4ef3f8cf9321e9e91cd3a0f86f05ca59117,stack_log,116,116,0
0,Baseline,fb60f4ef3f8cf9321e9e91cd3a0f86f05ca59117,stack_service,56,56,0
0,Baseline,fb60f4ef3f8cf9321e9e91cd3a0f86f05ca59117,stack_harness,2840,2840,0
1,linked,fba0210766027ccfa28772ff1542f996709524b5,flash_text,352620,352620,0
1,linked,fba0210766027ccfa28772ff1542f996709524b5,flash_data,320,320,0
1,linked,fba0210766027ccfa28772ff1542f996709524b5,static_bss,111136,111136,0
1,linked,fba0210766027ccfa28772ff1542f996709524b5,heap_used,4440,4440,0
1,linked,fba0210766027ccfa28772ff1542f996709524b5,mbedtls_peak,21320,21360,-40
1,linked,fba0210766027ccfa28772ff1542f996709524b5,mbedtls_free,11448,11408,40
1,linked,fba0210766027ccfa28772ff1542f996709524b5,lwip_mem_free,7576,7576,0
1,linked,fba0210766027ccfa28772ff1542f996709524b5,lwip_pbufs_free,13,13,0
1,linked,fba0210766027ccfa28772ff1542f996709524b5,stack_log,116,116,0
1,linked,fba0210766027ccfa28772ff1542f996709524b5,stack_service,56,56,0
1,linked,fba0210766027ccfa28772ff1542f996709524b5,stack_harness,2840,2840,0
2,error-handler,3d7dc0109ae3067fbf12b49d288d8bc74bfa985a,flash_text,353028,352620,408
2,error-handler,3d7dc0109ae3067fbf12b49d288d8bc74bfa985a,flash_data,324,320,4
2,error-handler,3d7dc0109ae3067fbf12b49d288d8bc74bfa985a,static_bss,111140,111136,4
2,error-handler,3d7dc0109ae3067fbf12b49d288d8bc74bfa985a,heap_used,4440,4440,0
2,error-handler,3d7dc0109ae3067fbf12b49d288d8bc74bfa985a,mbedtls_peak,21352,21360,-8
2,error-handler,3d7dc0109ae3067fbf12b49d288d8bc74bfa985a,mbedtls_free,11416,11408,8
2,error-handler,3d7dc0109ae3067fbf12b49d288d8bc74bfa985a,lwip_mem_free,7576,7576,0
2,error-handler,3d7dc0109ae3067fbf12b49d288d8bc74bfa985a,lwip_pbufs_free,13,13,0
2,error-handler,3d7dc0109ae3067fbf12b49d288d8bc74bfa985a,stack_log,116,116,0
2,error-handler,3d7dc0109ae3067fbf12b49d288d8bc74bfa985a,stack_service,56,56,0
2,error-handler,3d7dc0109ae3067fbf12b49d288d8bc74bfa985a,stack_harness,2840,2840,0
3,logger,b59251121fdf53e285820d93a4985dc209bd0009,flash_text,353612,352620,992
3,logger,b59251121fdf53e285820d93a4985dc209bd0009,flash_data,388,320,68
3,logger,b59251121fdf53e285820d93a4985dc209bd0009,static_bss,111252,111136,116
3,logger,b59251121fdf53e285820d93a4985dc209bd0009,heap_used,4440,4440,0
3,logger,b59251121fdf53e285820d93a4985dc209bd0009,mbedtls_peak,21352,21360,-8
3,logger,b59251121fdf53e285820d93a4985dc209bd0009,mbedtls_free,11416,11408,8
3,logger,b59251121fdf53e285820d93a4985dc209bd0009,lwip_mem_free,7576,7576,0
3,logger,b59251121fdf53e285820d93a4985dc209bd0009,lwip_pbufs_free,13,13,0
3,logger,b59251121fdf53e285820d93a4985dc209bd0009,stack_log,116,116,0
3,logger,b59251121fdf53e285820d93a4985dc209bd0009,stack_service,56,56,0
3,logger,b59251121fdf53e285820d93a4985dc209bd0009,stack_harness,2840,2840,0
4,udp,002da31ddbaa0b283406ca9c8b8e83187ca285d9,flash_text,357244,352620,4624
4,udp,002da31ddbaa0b283406ca9c8b8e83187ca285d9,flash_data,452,320,132
4,udp,002da31ddbaa0b283406ca9c8b8e83187ca285d9,static_bss,112912,111136,1776
4,udp,002da31ddbaa0b283406ca9c8b8e83187ca285d9,heap_used,4440,4440,0
4,udp,002da31ddbaa0b283406ca9c8b8e83187ca285d9,mbedtls_peak,21364,21360,4
4,udp,002da31ddbaa0b283406ca9c8b8e83187ca285d9,mbedtls_free,11404,11408,-4
4,udp,002da31ddbaa0b283406ca9c8b8e83187ca285d9,lwip_mem_free,7576,7576,0
4,udp,002da31ddbaa0b283406ca9c8b8e83187ca285d9,lwip_pbufs_free,14,13,1
4,udp,002da31ddbaa0b283406ca9c8b8e83187ca285d9,stack_log,1020,116,904
4,udp,002da31ddbaa0b283406ca9c8b8e83187ca285d9,stack_service,56,56,0
4,udp,002da31ddbaa0b283406ca9c8b8e83187ca285d9,stack_harness,2848,2840,8
5,header-fields,8df577548d8310ad8f8e99a99d4dd125c27e4239,flash_text,357636,352620,5016
5,header-fields,8df577548d8310ad8f8e99a99d4dd125c27e4239,flash_data,452,320,132
5,header-fields,8df577548d8310ad8f8e99a99d4dd125c27e4239,static_bss,112912,111136,1776
5,header-fields,8df577548d8310ad8f8e99a99d4dd125c27e4239,heap_used,4440,4440,0
5,header-fields,8df577548d8310ad8f8e99a99d4dd125c27e4239,mbedtls_peak,21356,21360,-4
5,header-fields,8df577548d8310ad8f8e99a99d4dd125c27e4239,mbedtls_free,11412,11408,4
5,header-fields,8df577548d8310ad8f8e99a99d4dd125c27e4239,lwip_mem_free,7576,7576,0
5,header-fields,8df577548d8310ad8f8e99a99d4dd125c27e4239,lwip_pbufs_free,13,13,0
5,header-fields,8df577548d8310ad8f8e99a99d4dd125c27e4239,stack_log,1020,116,904
5,header-fields,8df577548d8310ad8f8e99a99d4dd125c27e4239,stack_service,56,56,0
5,header-fields,8df577548d8310ad8f8e99a99d4dd125c27e4239,stack_harness,2848,2840,8
6,sequence-id,bff7067c8607aa2ba6e856bcec724169aaa53ac2,flash_text,358556,352620,5936
6,sequence-id,bff7067c8607aa2ba6e856bcec724169aaa53ac2,flash_data,476,320,156
6,sequence-id,bff7067c8607aa2ba6e856bcec724169aaa53ac2,static_bss,112952,111136,1816
6,sequence-id,bff7067c8607aa2ba6e856bcec724169aaa53ac2,heap_used,4440,4440,0
6,sequence-id,bff7067c8607aa2ba6e856bcec724169aaa53ac2,mbedtls_peak,21320,21360,-40
6,sequence-id,bff7067c8607aa2ba6e856bcec724169aaa53ac2,mbedtls_free,11448,11408,40
6,sequence-id,bff7067c8607aa2ba6e856bcec724169aaa53ac2,lwip_mem_free,7576,7576,0
6,sequence-id,bff7067c8607aa2ba6e856bcec724169aaa53ac2,lwip_pbufs_free,13,13,0
6,sequence-id,bff7067c8607aa2ba6e856bcec724169aaa53ac2,stack_log,1020,116,904
6,sequence-id,bff7067c8607aa2ba6e856bcec724169aaa53ac2,stack_service,56,56,0
6,sequence-id,bff7067c8607aa2ba6e856bcec724169aaa53ac2,stack_harness,2848,2840,8
7,buffered,61525f30ebc739bf9f2e6d87c509990050227c30,flash_text,359284,352620,6664
7,buffered,61525f30ebc739bf9f2e6d87c509990050227c30,flash_data,492,320,172
7,buffered,61525f30ebc739bf9f2e6d87c509990050227c30,static_bss,118448,111136,7312
7,buffered,61525f30ebc739bf9f2e6d87c509990050227c30,heap_used,4440,4440,0
7,buffered,61525f30ebc739bf9f2e6d87c509990050227c30,mbedtls_peak,21320,21360,-40
7,buffered,61525f30ebc739bf9f2e6d87c509990050227c30,mbedtls_free,11448,11408,40
7,buffered,61525f30ebc739bf9f2e6d87c509990050227c30,lwip_mem_free,7576,7576,0
7,buffered,61525f30ebc739bf9f2e6d87c509990050227c30,lwip_pbufs_free,13,13,0
7,buffered,61525f30ebc739bf9f2e6d87c509990050227c30,stack_log,788,116,672
7,buffered,61525f30ebc739bf9f2e6d87c509990050227c30,stack_service,1008,56,952
7,buffered,61525f30ebc739bf9f2e6d87c509990050227c30,stack_harness,2848,2840,8
8,tcp,b8179de7cc3042b086d9de3abc87c8eb853aaac9,flash_text,359964,352620,7344
8,tcp,b8179de7cc3042b086d9de3abc87c8eb853aaac9,flash_data,496,320,176
8,tcp,b8179de7cc3042b086d9de3abc87c8eb853aaac9,static_bss,118644,111136,7508
8,tcp,b8179de7cc3042b086d9de3abc87c8eb853aaac9,heap_used,4440,4440,0
8,tcp,b8179de7cc3042b086d9de3abc87c8eb853aaac9,mbedtls_peak,21348,21360,-12
8,tcp,b8179de7cc3042b086d9de3abc87c8eb853aaac9,mbedtls_free,11420,11408,12
8,tcp,b8179de7cc3042b086d9de3abc87c8eb853aaac9,lwip_mem_free,7576,7576,0
8,tcp,b8179de7cc3042b086d9de3abc87c8eb853aaac9,lwip_pbufs_free,13,13,0
8,tcp,b8179de7cc3042b086d9de3abc87c8eb853aaac9,stack_log,788,116,672
8,tcp,b8179de7cc3042b086d9de3abc87c8eb853aaac9,stack_service,952,56,896
8,tcp,b8179de7cc3042b086d9de3abc87c8eb853aaac9,stack_harness,2848,2840,8
9,time-quality,b7a6a2387f2f7bbe8c1fe232d43d43d9a685c8a2,flash_text,360300,352620,7680
9,time-quality,b7a6a2387f2f7bbe8c1fe232d43d43d9a685c8a2,flash_data,504,320,184
9,time-quality,b7a6a2387f2f7bbe8c1fe232d43d43d9a685c8a2,static_bss,118668,111136,7532
9,time-quality,b7a6a2387f2f7bbe8c1fe232d43d43d9a685c8a2,heap_used,4440,4440,0
9,time-quality,b7a6a2387f2f7bbe8c1fe232d43d43d9a685c8a2,mbedtls_peak,21320,21360,-40
9,time-quality,b7a6a2387f2f7bbe8c1fe232d43d43d9a685c8a2,mbedtls_free,11448,11408,40
9,time-quality,b7a6a2387f2f7bbe8c1fe232d43d43d9a685c8a2,lwip_mem_free,7576,7576,0
9,time-quality,b7a6a2387f2f7bbe8c1fe232d43d43d9a685c8a2,lwip_pbufs_free,13,13,0
9,time-quality,b7a6a2387f2f7bbe8c1fe232d43d43d9a685c8a2,stack_log,788,116,672
9,time-quality,b7a6a2387f2f7bbe8c1fe232d43d43d9a685c8a2,stack_service,952,56,896
9,time-quality,b7a6a2387f2f7bbe8c1fe232d43d43d9a685c8a2,stack_harness,2848,2840,8
10,file-store,0c46aeff345fa14660b68094a65b17771b00dfd8,flash_text,364108,352620,11488
10,file-store,0c46aeff345fa14660b68094a65b17771b00dfd8,flash_data,640,320,320
10,file-store,0c46aeff345fa14660b68094a65b17771b00dfd8,static_bss,119968,111136,8832
10,file-store,0c46aeff345fa14660b68094a65b17771b00dfd8,heap_used,4440,4440,0
10,file-store,0c46aeff345fa14660b68094a65b17771b00dfd8,mbedtls_peak,21320,21360,-40
10,file-store,0c46aeff345fa14660b68094a65b17771b00dfd8,mbedtls_free,11448,11408,40
10,file-store,0c46aeff345fa14660b68094a65b17771b00dfd8,lwip_mem_free,7576,7576,0
10,file-store,0c46aeff345fa14660b68094a65b17771b00dfd8,lwip_pbufs_free,13,13,0
10,file-store,0c46aeff345fa14660b68094a65b17771b00dfd8,stack_log,788,116,672
10,file-store,0c46aeff345fa14660b68094a65b17771b00dfd8,stack_service,1016,56,960
10,file-store,0c46aeff345fa14660b68094a65b17771b00dfd8,stack_harness,2848,2840,8
11,origin,5086e19da9339779cc3c86a4795d8f848b778544,flash_text,364508,352620,11888
11,origin,5086e19da9339779cc3c86a4795d8f848b778544,flash_data,648,320,328
11,origin,5086e19da9339779cc3c86a4795d8f848b778544,static_bss,120004,111136,8868
11,origin,5086e19da9339779cc3c86a4795d8f848b778544,heap_used,4440,4440,0
11,origin,5086e19da9339779cc3c86a4795d8f848b778544,mbedtls_peak,21320,21360,-40
11,origin,5086e19da9339779cc3c86a4795d8f848b778544,mbedtls_free,11448,11408,40
11,origin,5086e19da9339779cc3c86a4795d8f848b778544,lwip_mem_free,7576,7576,0
11,origin,5086e19da9339779cc3c86a4795d8f848b778544,lwip_pbufs_free,13,13,0
11,origin,5086e19da9339779cc3c86a4795d8f848b778544,stack_log,788,116,672
11,origin,5086e19da9339779cc3c86a4795d8f848b778544,stack_service,1016,56,960
11,origin,5086e19da9339779cc3c86a4795d8f848b778544,stack_harness,2848,2840,8
12,origin-ip,d95c2eb984b9080d1674646bed044c850a6166f4,flash_text,364900,352620,12280
12,origin-ip,d95c2eb984b9080d1674646bed044c850a6166f4,flash_data,648,320,328
12,origin-ip,d95c2eb984b9080d1674646bed044c850a6166f4,static_bss,120004,111136,8868
12,origin-ip,d95c2eb984b9080d1674646bed044c850a6166f4,heap_used,4440,4440,0
12,origin-ip,d95c2eb984b9080d1674646bed044c850a6166f4,mbedtls_peak,21348,21360,-12
12,origin-ip,d95c2eb984b9080d1674646bed044c850a6166f4,mbedtls_free,11420,11408,12
12,origin-ip,d95c2eb984b9080d1674646bed044c850a6166f4,lwip_mem_free,7576,7576,0
12,origin-ip,d95c2eb984b9080d1674646bed044c850a6166f4,lwip_pbufs_free,13,13,0
12,origin-ip,d95c2eb984b9080d1674646bed044c850a6166f4,stack_log,796,116,680
12,origin-ip,d95c2eb984b9080d1674646bed044c850a6166f4,stack_service,1016,56,960
12,origin-ip,d95c2eb984b9080d1674646bed044c850a6166f4,stack_harness,2848,2840,8
13,tls,e77937d36d0ed3826a3609be1efed7afc29b50cf,flash_text,367244,352620,14624
13,tls,e77937d36d0ed3826a3609be1efed7afc29b50cf,flash_data,672,320,352
13,tls,e77937d36d0ed3826a3609be1efed7afc29b50cf,static_bss,148360,111136,37224
13,tls,e77937d36d0ed3826a3609be1efed7afc29b50cf,heap_used,4440,4440,0
13,tls,e77937d36d0ed3826a3609be1efed7afc29b50cf,mbedtls_peak,36112,21360,14752
13,tls,e77937d36d0ed3826a3609be1efed7afc29b50cf,mbedtls_free,18160,11408,6752
13,tls,e77937d36d0ed3826a3609be1efed7afc29b50cf,lwip_mem_free,7576,7576,0
13,tls,e77937d36d0ed3826a3609be1efed7afc29b50cf,lwip_pbufs_free,13,13,0
13,tls,e77937d36d0ed3826a3609be1efed7afc29b50cf,stack_log,796,116,680
13,tls,e77937d36d0ed3826a3609be1efed7afc29b50cf,stack_service,3832,56,3776
13,tls,e77937d36d0ed3826a3609be1efed7afc29b50cf,stack_harness,2848,2840,8
14,pin-rotation,9b1d08ecc4c59cbe6ba73b9dfe448656e6742615,flash_text,367884,352620,15264
14,pin-rotation,9b1d08ecc4c59cbe6ba73b9dfe448656e6742615,flash_data,676,320,356
14,pin-rotation,9b1d08ecc4c59cbe6ba73b9dfe448656e6742615,static_bss,148448,111136,37312
14,pin-rotation,9b1d08ecc4c59cbe6ba73b9dfe448656e6742615,heap_used,4440,4440,0
14,pin-rotation,9b1d08ecc4c59cbe6ba73b9dfe448656e6742615,mbedtls_peak,36112,21360,14752
14,pin-rotation,9b1d08ecc4c59cbe6ba73b9dfe448656e6742615,mbedtls_free,18160,11408,6752
14,pin-rotation,9b1d08ecc4c59cbe6ba73b9dfe448656e6742615,lwip_mem_free,7576,7576,0
14,pin-rotation,9b1d08ecc4c59cbe6ba73b9dfe448656e6742615,lwip_pbufs_free,14,13,1
14,pin-rotation,9b1d08ecc4c59cbe6ba73b9dfe448656e6742615,stack_log,796,116,680
14,pin-rotation,9b1d08ecc4c59cbe6ba73b9dfe448656e6742615,stack_service,3832,56,3776
14,pin-rotation,9b1d08ecc4c59cbe6ba73b9dfe448656e6742615,stack_harness,2872,2840,32
15,hmac,478d243d2fd5f8fafe286f28727060881645261c,flash_text,368220,352620,15600
15,hmac,478d243d2fd5f8fafe286f28727060881645261c,flash_data,672,320,352
15,hmac,478d243d2fd5f8fafe286f28727060881645261c,static_bss,148472,111136,37336
15,hmac,478d243d2fd5f8fafe286f28727060881645261c,heap_used,4440,4440,0
15,hmac,478d243d2fd5f8fafe286f28727060881645261c,mbedtls_peak,36108,21360,14748
15,hmac,478d243d2fd5f8fafe286f28727060881645261c,mbedtls_free,18164,11408,6756
15,hmac,478d243d2fd5f8fafe286f28727060881645261c,lwip_mem_free,7576,7576,0
15,hmac,478d243d2fd5f8fafe286f28727060881645261c,lwip_pbufs_free,13,13,0
15,hmac,478d243d2fd5f8fafe286f28727060881645261c,stack_log,796,116,680
15,hmac,478d243d2fd5f8fafe286f28727060881645261c,stack_service,3840,56,3784
15,hmac,478d243d2fd5f8fafe286f28727060881645261c,stack_harness,2872,2840,32
16,pipeline-sd,fff0ee2ecfe83b8b0bfef7963583c67509f1531c,flash_text,368356,352620,15736
16,pipeline-sd,fff0ee2ecfe83b8b0bfef7963583c67509f1531c,flash_data,676,320,356
16,pipeline-sd,fff0ee2ecfe83b8b0bfef7963583c67509f1531c,static_bss,148480,111136,37344
16,pipeline-sd,fff0ee2ecfe83b8b0bfef7963583c67509f1531c,heap_used,4440,4440,0
16,pipeline-sd,fff0ee2ecfe83b8b0bfef7963583c67509f1531c,mbedtls_peak,36160,21360,14800
16,pipeline-sd,fff0ee2ecfe83b8b0bfef7963583c67509f1531c,mbedtls_free,18112,11408,6704
16,pipeline-sd,fff0ee2ecfe83b8b0bfef7963583c67509f1531c,lwip_mem_free,7576,7576,0
16,pipeline-sd,fff0ee2ecfe83b8b0bfef7963583c67509f1531c,lwip_pbufs_free,13,13,0
16,pipeline-sd,fff0ee2ecfe83b8b0bfef7963583c67509f1531c,stack_log,796,116,680
16,pipeline-sd,fff0ee2ecfe83b8b0bfef7963583c67509f1531c,stack_service,3832,56,3776
16,pipeline-sd,fff0ee2ecfe83b8b0bfef7963583c67509f1531c,stack_harness,2872,2840,32
17,mtls,1cb95197f2e4d717abb13a52c0a0d987e14871b8,flash_text,368428,352620,15808
17,mtls,1cb95197f2e4d717abb13a52c0a0d987e14871b8,flash_data,680,320,360
17,mtls,1cb95197f2e4d717abb13a52c0a0d987e14871b8,static_bss,150528,111136,39392
17,mtls,1cb95197f2e4d717abb13a52c0a0d987e14871b8,heap_used,4440,4440,0
17,mtls,1cb95197f2e4d717abb13a52c0a0d987e14871b8,mbedtls_peak,37316,21360,15956
17,mtls,1cb95197f2e4d717abb13a52c0a0d987e14871b8,mbedtls_free,19004,11408,7596
17,mtls,1cb95197f2e4d717abb13a52c0a0d987e14871b8,lwip_mem_free,7576,7576,0
17,mtls,1cb95197f2e4d717abb13a52c0a0d987e14871b8,lwip_pbufs_free,13,13,0
17,mtls,1cb95197f2e4d717abb13a52c0a0d987e14871b8,stack_log,796,116,680
17,mtls,1cb95197f2e4d717abb13a52c0a0d987e14871b8,stack_service,3832,56,3776
17,mtls,1cb95197f2e4d717abb13a52c0a0d987e14871b8,stack_harness,2872,2840,32
18,aes-gcm,2fbbfad4598abcb8bd563434387adf2a53256f07,flash_text,368556,352620,15936
18,aes-gcm,2fbbfad4598abcb8bd563434387adf2a53256f07,flash_data,684,320,364
18,aes-gcm,2fbbfad4598abcb8bd563434387adf2a53256f07,static_bss,150528,111136,39392
18,aes-gcm,2fbbfad4598abcb8bd563434387adf2a53256f07,heap_used,4440,4440,0
18,aes-gcm,2fbbfad4598abcb8bd563434387adf2a53256f07,mbedtls_peak,37324,21360,15964
18,aes-gcm,2fbbfad4598abcb8bd563434387adf2a53256f07,mbedtls_free,18996,11408,7588
18,aes-gcm,2fbbfad4598abcb8bd563434387adf2a53256f07,lwip_mem_free,7576,7576,0
18,aes-gcm,2fbbfad4598abcb8bd563434387adf2a53256f07,lwip_pbufs_free,13,13,0
18,aes-gcm,2fbbfad4598abcb8bd563434387adf2a53256f07,stack_log,796,116,680
18,aes-gcm,2fbbfad4598abcb8bd563434387adf2a53256f07,stack_service,3832,56,3776
18,aes-gcm,2fbbfad4598abcb8bd563434387adf2a53256f07,stack_harness,2872,2840,32
19,chain,20439e62fb23c671d523d89d1431f78f32e180a8,flash_text,368652,352620,16032
19,chain,20439e62fb23c671d523d89d1431f78f32e180a8,flash_data,688,320,368
19,chain,20439e62fb23c671d523d89d1431f78f32e180a8,static_bss,150528,111136,39392
19,chain,20439e62fb23c671d523d89d1431f78f32e180a8,heap_used,4440,4440,0
19,chain,20439e62fb23c671d523d89d1431f78f32e180a8,mbedtls_peak,37316,21360,15956
19,chain,20439e62fb23c671d523d89d1431f78f32e180a8,mbedtls_free,19004,11408,7596
19,chain,20439e62fb23c671d523d89d1431f78f32e180a8,lwip_mem_free,7576,7576,0
19,chain,20439e62fb23c671d523d89d1431f78f32e180a8,lwip_pbufs_free,13,13,0
19,chain,20439e62fb23c671d523d89d1431f78f32e180a8,stack_log,796,116,680
19,chain,20439e62fb23c671d523d89d1431f78f32e180a8,stack_service,3832,56,3776
19,chain,20439e62fb23c671d523d89d1431f78f32e180a8,stack_harness,2872,2840,32
20,right-size,d21c37ccc25ddb59a83223a275ba165364075583,flash_text,368652,352620,16032
20,right-size,d21c37ccc25ddb59a83223a275ba165364075583,flash_data,688,320,368
20,right-size,d21c37ccc25ddb59a83223a275ba165364075583,static_bss,147036,111136,35900
20,right-size,d21c37ccc25ddb59a83223a275ba165364075583,heap_used,4440,4440,0
20,right-size,d21c37ccc25ddb59a83223a275ba165364075583,mbedtls_peak,37316,21360,15956
20,right-size,d21c37ccc25ddb59a83223a275ba165364075583,mbedtls_free,19004,11408,7596
20,right-size,d21c37ccc25ddb59a83223a275ba165364075583,lwip_mem_free,7576,7576,0
20,right-size,d21c37ccc25ddb59a83223a275ba165364075583,lwip_pbufs_free,14,13,1
20,right-size,d21c37ccc25ddb59a83223a275ba165364075583,stack_log,716,116,600
20,right-size,d21c37ccc25ddb59a83223a275ba165364075583,stack_service,3752,56,3696
20,right-size,d21c37ccc25ddb59a83223a275ba165364075583,stack_harness,2872,2840,32
