index,slug,commit,verdict
0,Baseline,fb60f4ef3f8cf9321e9e91cd3a0f86f05ca59117,"PASS"
1,linked,fba0210766027ccfa28772ff1542f996709524b5,"PASS"
2,error-handler,3d7dc0109ae3067fbf12b49d288d8bc74bfa985a,"PASS"
3,logger,b59251121fdf53e285820d93a4985dc209bd0009,"PASS"
4,udp,002da31ddbaa0b283406ca9c8b8e83187ca285d9,"PASS"
5,header-fields,8df577548d8310ad8f8e99a99d4dd125c27e4239,"PASS"
6,sequence-id,bff7067c8607aa2ba6e856bcec724169aaa53ac2,"PASS"
7,buffered,61525f30ebc739bf9f2e6d87c509990050227c30,"PASS"
8,tcp,b8179de7cc3042b086d9de3abc87c8eb853aaac9,"PASS"
9,time-quality,b7a6a2387f2f7bbe8c1fe232d43d43d9a685c8a2,"PASS"
10,file-store,0c46aeff345fa14660b68094a65b17771b00dfd8,"PASS"
11,origin,5086e19da9339779cc3c86a4795d8f848b778544,"PASS"
12,origin-ip,d95c2eb984b9080d1674646bed044c850a6166f4,"PASS"
13,tls,e77937d36d0ed3826a3609be1efed7afc29b50cf,"PASS"
14,pin-rotation,9b1d08ecc4c59cbe6ba73b9dfe448656e6742615,"PASS"
15,hmac,478d243d2fd5f8fafe286f28727060881645261c,"PASS"
16,pipeline-sd,fff0ee2ecfe83b8b0bfef7963583c67509f1531c,"PASS"
17,mtls,1cb95197f2e4d717abb13a52c0a0d987e14871b8,"PASS"
18,aes-gcm,2fbbfad4598abcb8bd563434387adf2a53256f07,"PASS"
19,chain,20439e62fb23c671d523d89d1431f78f32e180a8,"PASS"
20,right-size,d21c37ccc25ddb59a83223a275ba165364075583,"PASS"
